City_ID,City,Country,Date,Lat,Lng,Max Temp,Humidity,Cloudiness,Wind Speed
0,Kaitangata,NZ,2020-09-06 02:18:24,-46.28,169.85,55.99,40,58,15.99
1,Vaini,TO,2020-09-06 02:18:36,-21.2,-175.2,75.2,60,75,12.75
2,Rikitea,PF,2020-09-06 02:20:23,-23.12,-134.97,72.28,81,5,13.58
3,Fortuna,US,2020-09-06 02:20:23,40.6,-124.16,66.0,77,1,10.29
4,Hermanus,ZA,2020-09-06 02:20:23,-34.42,19.23,50.0,96,98,1.01
5,Leningradskiy,RU,2020-09-06 02:20:24,69.38,178.42,41.83,70,36,10.94
6,Karasjok,NO,2020-09-06 02:20:24,69.47,25.51,50.0,93,35,17.22
7,Bonfim,BR,2020-09-06 02:20:24,3.08,-59.95,79.93,69,100,5.57
8,Kununurra,AU,2020-09-06 02:20:24,-15.77,128.73,87.8,26,100,8.05
9,Liverpool,GB,2020-09-06 02:15:44,53.41,-2.98,55.99,93,75,6.93
10,Ushuaia,AR,2020-09-06 02:20:25,-54.8,-68.3,39.2,87,20,13.87
11,Neiafu,TO,2020-09-06 02:20:26,-18.65,-173.98,77.0,57,40,11.41
12,Yanam,IN,2020-09-06 02:20:26,16.73,82.22,82.4,88,20,1.5
13,Saint-Philippe,RE,2020-09-06 02:20:26,-21.36,55.77,63.0,88,62,6.93
14,Troitskoye,RU,2020-09-06 02:20:26,52.98,84.68,46.76,66,100,3.51
15,Homer,US,2020-09-06 02:20:27,59.64,-151.55,57.2,62,1,5.82
16,Cherskiy,RU,2020-09-06 02:20:27,68.75,161.3,52.95,43,0,16.62
17,Teguldet,RU,2020-09-06 02:20:27,57.31,88.17,45.48,93,100,9.24
18,Tabou,CI,2020-09-06 02:20:28,4.42,-7.35,75.6,87,100,10.13
19,Castro,BR,2020-09-06 02:19:04,-24.79,-50.01,62.37,65,1,3.0
20,Bluff,NZ,2020-09-06 02:20:06,-46.6,168.33,50.79,66,99,19.26
21,Mataura,NZ,2020-09-06 02:20:28,-46.19,168.86,50.5,67,58,9.57
22,Caravelas,BR,2020-09-06 02:20:28,-17.71,-39.25,71.1,89,1,5.79
23,Khash,IR,2020-09-06 02:20:29,28.22,61.22,62.74,27,0,2.55
24,Severo-Kurilsk,RU,2020-09-06 02:20:29,50.68,156.12,54.16,78,100,5.35
25,Kapaa,US,2020-09-06 02:20:29,22.08,-159.32,84.2,62,1,16.11
26,Constitucion,CL,2020-09-06 02:20:30,-35.33,-72.42,49.35,85,0,6.91
27,Malanje,AO,2020-09-06 02:20:30,-9.54,16.34,66.0,90,26,5.61
28,Butaritari,KI,2020-09-06 02:20:31,3.07,172.79,83.1,78,92,16.06
29,Qaanaaq,GL,2020-09-06 02:20:31,77.48,-69.36,23.88,80,89,4.88
30,Klaksvik,FO,2020-09-06 02:20:32,62.23,-6.59,44.6,70,95,14.99
31,Atuona,PF,2020-09-06 02:20:32,-9.8,-139.03,78.85,68,5,23.13
32,Hobart,AU,2020-09-06 02:20:10,-42.88,147.33,60.01,47,75,14.99
33,Thompson,CA,2020-09-06 02:20:33,55.74,-97.86,53.6,66,75,4.7
34,Saint-Louis,SN,2020-09-06 02:20:34,16.33,-15.0,78.19,86,98,5.86
35,Aklavik,CA,2020-09-06 02:20:34,68.22,-135.01,41.0,65,75,6.93
36,Gravdal,NO,2020-09-06 02:20:35,68.12,13.5,52.02,90,100,11.5
37,Avarua,CK,2020-09-06 02:20:35,-21.21,-159.78,75.2,57,78,9.17
38,Puro,PH,2020-09-06 02:20:35,12.48,123.38,86.4,74,100,11.54
39,Goderich,CA,2020-09-06 02:20:35,43.75,-81.72,70.0,64,0,7.49
40,Hambantota,LK,2020-09-06 02:20:36,6.12,81.12,77.0,100,40,3.36
41,Porterville,US,2020-09-06 02:20:36,36.07,-119.02,102.2,29,1,8.05
42,Voyvozh,RU,2020-09-06 02:20:36,62.89,54.96,51.22,92,100,3.98
43,Khartoum,SD,2020-09-06 02:20:37,15.55,32.53,84.2,51,0,8.05
44,Hithadhoo,MV,2020-09-06 02:20:37,-0.6,73.08,80.67,73,100,25.84
45,Lewiston,US,2020-09-06 02:20:14,44.1,-70.21,57.0,100,1,3.36
46,Torbay,CA,2020-09-06 02:20:37,47.67,-52.73,64.0,93,40,18.34
47,Brakel,DE,2020-09-06 02:20:38,51.72,9.18,50.0,88,0,1.01
48,Barrow,US,2020-09-06 02:18:00,71.29,-156.79,39.2,86,90,5.82
49,Upernavik,GL,2020-09-06 02:20:38,72.79,-56.15,32.59,84,31,9.62
50,Albany,US,2020-09-06 02:18:57,42.6,-73.97,64.0,56,95,2.89
51,Ostersund,SE,2020-09-06 02:20:38,63.18,14.64,44.6,93,93,5.82
52,Hollins,US,2020-09-06 02:20:39,37.34,-79.94,66.2,72,1,0.63
53,Georgetown,MY,2020-09-06 02:20:27,5.41,100.34,82.4,78,20,3.36
54,Dikson,RU,2020-09-06 02:20:39,73.51,80.55,41.56,88,49,17.72
55,Souillac,MU,2020-09-06 02:20:39,-20.52,57.52,64.4,93,20,8.05
56,Wanaka,NZ,2020-09-06 02:20:40,-44.7,169.15,53.37,60,69,6.06
57,Lagoa,PT,2020-09-06 02:20:40,39.05,-27.98,67.68,75,47,21.0
58,Ambon,ID,2020-09-06 02:20:40,-3.7,128.18,78.8,88,75,10.29
59,Coahuayana,MX,2020-09-06 02:20:41,18.73,-103.68,78.57,82,99,1.83
60,Narsaq,GL,2020-09-06 02:19:45,60.92,-46.05,46.4,87,82,4.7
61,Hasaki,JP,2020-09-06 02:20:41,35.73,140.83,84.2,94,75,6.93
62,Bredasdorp,ZA,2020-09-06 02:18:37,-34.53,20.04,53.6,93,51,2.24
63,Bilibino,RU,2020-09-06 02:20:42,68.05,166.44,47.08,51,0,6.33
64,Lavrentiya,RU,2020-09-06 02:20:42,65.58,-171.0,43.52,73,94,2.17
65,Vostok,RU,2020-09-06 02:16:49,46.49,135.88,72.66,56,100,1.59
66,Coihaique,CL,2020-09-06 02:20:43,-45.58,-72.07,44.6,75,90,6.93
67,Sorland,NO,2020-09-06 02:20:43,67.67,12.69,52.74,85,100,12.95
68,Dingle,PH,2020-09-06 02:20:43,11.0,122.67,86.34,71,91,4.72
69,Pyaozerskiy,RU,2020-09-06 02:20:43,65.83,31.17,52.2,94,100,7.02
70,Victoria,HK,2020-09-06 02:17:03,22.29,114.16,87.01,79,21,10.0
71,Belmonte,BR,2020-09-06 02:20:44,-15.86,-38.88,69.8,94,40,2.24
72,Ahipara,NZ,2020-09-06 02:20:44,-35.17,173.17,58.42,71,100,13.69
73,Balabac,PH,2020-09-06 02:20:45,7.99,117.06,87.84,61,6,3.67
74,Chokurdakh,RU,2020-09-06 02:20:45,70.63,147.92,50.27,48,98,10.71
75,Yellowknife,CA,2020-09-06 02:19:36,62.46,-114.35,50.0,53,75,6.93
76,Tura,IN,2020-09-06 02:20:45,25.52,90.22,78.12,93,100,5.12
77,Waipawa,NZ,2020-09-06 02:20:46,-41.41,175.52,59.0,82,100,19.46
78,Hilo,US,2020-09-06 02:20:46,19.73,-155.09,87.8,45,1,11.41
79,Snezhnogorsk,RU,2020-09-06 02:20:46,69.19,33.25,53.6,93,100,4.47
80,Zlobin,HR,2020-09-06 02:20:46,45.29,14.65,66.2,82,0,1.95
81,Eyl,SO,2020-09-06 02:20:47,7.98,49.82,75.45,73,70,13.29
82,Pietersburg,ZA,2020-09-06 02:20:47,-23.9,29.47,46.4,81,0,2.71
83,Robinson,US,2020-09-06 02:20:25,31.47,-97.11,78.8,88,40,2.84
84,Zhangye,CN,2020-09-06 02:20:48,38.93,100.45,72.88,29,93,0.43
85,Llangefni,GB,2020-09-06 02:20:48,53.26,-4.31,57.2,82,72,12.75
86,Wonthaggi,AU,2020-09-06 02:20:48,-38.6,145.59,66.99,49,0,8.66
87,Jamestown,US,2020-09-06 02:17:35,42.1,-79.24,59.0,87,75,5.82
88,Muros,ES,2020-09-06 02:20:48,42.78,-9.06,66.0,73,7,8.99
89,Kozhva,RU,2020-09-06 02:20:49,65.11,57.05,52.79,93,100,6.82
90,Quecholac,MX,2020-09-06 02:20:49,18.95,-97.67,66.99,73,34,1.01
91,Pevek,RU,2020-09-06 02:20:49,69.7,170.31,43.11,65,0,13.51
92,Bengkulu,ID,2020-09-06 02:18:41,-3.8,102.27,80.69,77,57,6.51
93,Soe,ID,2020-09-06 02:20:50,-9.86,124.28,80.69,41,32,12.37
94,Aykhal,RU,2020-09-06 02:20:50,66.0,111.5,42.8,81,90,6.71
95,Buckeye,US,2020-09-06 02:20:50,33.37,-112.58,111.2,14,1,3.44
96,Eureka,US,2020-09-06 02:20:51,40.8,-124.16,69.01,78,1,5.01
97,Juneau,US,2020-09-06 02:20:51,58.3,-134.42,59.0,58,75,6.93
98,Deputatskiy,RU,2020-09-06 02:20:51,69.3,139.9,42.87,97,100,3.02
99,Maniitsoq,GL,2020-09-06 02:20:51,65.42,-52.9,45.0,95,100,5.7
100,Labuhan,ID,2020-09-06 02:20:52,-6.88,112.21,84.04,62,73,6.51
101,Urucara,BR,2020-09-06 02:20:52,-2.54,-57.76,79.45,46,33,1.63
102,Busselton,AU,2020-09-06 02:20:52,-33.65,115.33,64.99,83,100,27.42
103,Beringovskiy,RU,2020-09-06 02:18:39,63.05,179.32,49.48,76,98,12.12
104,Kodiak,US,2020-09-06 02:19:37,57.79,-152.41,53.6,76,75,14.99
105,Pandan,PH,2020-09-06 02:20:53,14.05,124.17,88.45,64,68,4.05
106,Lata,PT,2020-09-06 02:20:53,40.16,-8.33,72.0,67,0,3.87
107,Katsuura,JP,2020-09-06 02:19:09,35.13,140.3,87.01,88,75,12.75
108,Visnes,NO,2020-09-06 02:20:54,59.36,5.22,53.6,81,100,23.04
109,Escarcega,MX,2020-09-06 02:20:54,18.61,-90.75,74.75,96,82,2.66
110,Kruisfontein,ZA,2020-09-06 02:20:54,-34.0,24.73,55.99,93,94,1.39
111,Meridian,US,2020-09-06 02:20:51,43.61,-116.39,89.6,32,1,8.3
112,Egvekinot,RU,2020-09-06 02:20:55,66.32,-179.17,42.21,70,61,7.38
113,Iqaluit,CA,2020-09-06 02:20:55,63.75,-68.51,48.0,65,20,12.75
114,Acapulco,MX,2020-09-06 02:19:08,16.86,-99.89,82.4,78,90,2.24
115,Batticaloa,LK,2020-09-06 02:20:55,7.71,81.69,81.72,77,98,6.26
116,Carnarvon,AU,2020-09-06 02:20:56,-24.87,113.63,68.0,77,75,9.17
117,Dawlatabad,AF,2020-09-06 02:20:56,36.41,64.91,68.85,25,0,5.88
118,Lebu,CL,2020-09-06 02:17:44,-37.62,-73.65,47.73,87,16,5.68
119,Longyearbyen,SJ,2020-09-06 02:20:56,78.22,15.64,42.8,100,90,5.82
120,Kogon,UZ,2020-09-06 02:20:57,39.72,64.55,60.8,26,0,11.41
121,Tuktoyaktuk,CA,2020-09-06 02:20:57,69.45,-133.04,37.4,86,90,10.29
122,Tocopilla,CL,2020-09-06 02:16:04,-22.09,-70.2,62.13,57,25,9.01
123,Caconda,AO,2020-09-06 02:20:57,-13.73,15.07,53.71,64,10,1.03
124,Olinda,BR,2020-09-06 02:18:53,-8.01,-34.86,77.0,69,8,11.41
125,Vallenar,CL,2020-09-06 02:20:58,-28.57,-70.76,57.81,36,0,0.11
126,Bethel,US,2020-09-06 02:17:18,41.37,-73.41,63.0,77,1,4.7
127,Galveston,US,2020-09-06 02:20:58,29.37,-94.97,87.8,66,20,4.7
128,Bataipora,BR,2020-09-06 02:20:58,-22.3,-53.27,74.44,41,100,5.61
129,Faanui,PF,2020-09-06 02:20:59,-16.48,-151.75,78.82,71,1,7.81
130,Mahebourg,MU,2020-09-06 02:20:59,-20.41,57.7,64.4,93,20,8.05
131,Olbia,IT,2020-09-06 02:20:59,40.92,9.49,62.6,82,0,2.24
132,Ilulissat,GL,2020-09-06 02:18:49,69.22,-51.1,39.2,86,100,9.17
133,Bogande,BF,2020-09-06 02:21:00,12.97,-0.14,73.29,91,100,10.04
134,Kemijarvi,FI,2020-09-06 02:21:00,66.71,27.43,46.29,95,40,6.35
135,Mahendranagar,NP,2020-09-06 02:21:00,28.92,80.33,82.13,72,0,2.51
136,Ambulu,ID,2020-09-06 02:21:00,-8.35,113.61,81.3,67,13,4.27
137,Cairns,AU,2020-09-06 02:21:01,-16.92,145.77,84.0,45,30,18.34
138,Diu,IN,2020-09-06 02:21:01,20.71,70.98,81.48,84,100,6.31
139,Tiksi,RU,2020-09-06 02:17:29,71.69,128.87,44.38,81,100,10.85
140,Paamiut,GL,2020-09-06 02:21:02,61.99,-49.67,46.98,87,1,17.81
141,Ambanja,MG,2020-09-06 02:21:02,-13.68,48.45,63.84,77,2,5.14
142,Baykit,RU,2020-09-06 02:18:43,61.67,96.37,49.75,77,84,3.87
143,Nikolskoye,RU,2020-09-06 02:21:02,59.7,30.79,57.99,87,90,2.24
144,Winslow,US,2020-09-06 02:21:03,35.02,-110.7,93.2,7,1,1.92
145,Kunigal,IN,2020-09-06 02:21:03,13.02,77.03,82.0,94,90,4.5
146,Mandalgovi,MN,2020-09-06 02:21:03,45.76,106.27,64.09,53,0,8.79
147,Luderitz,NA,2020-09-06 02:21:04,-26.65,15.16,56.91,72,0,22.06
148,Marzuq,YE,2020-09-06 02:21:04,14.4,46.47,77.09,49,0,1.79
149,Mezen,RU,2020-09-06 02:21:04,65.85,44.24,55.02,96,100,7.07
150,Saldanha,ZA,2020-09-06 02:19:47,-33.01,17.94,50.0,87,0,5.82
151,Kostomuksha,RU,2020-09-06 02:21:05,64.57,30.58,50.29,94,90,6.22
152,Mahibadhoo,MV,2020-09-06 02:21:05,3.78,72.97,82.06,68,100,29.75
153,Toba,JP,2020-09-06 02:21:05,34.48,136.85,89.01,78,75,17.22
154,Anadyr,RU,2020-09-06 02:21:06,64.75,177.48,48.2,66,40,15.66
155,Ayorou,NE,2020-09-06 02:21:06,14.73,0.92,83.55,63,100,7.56
156,Yulara,AU,2020-09-06 02:20:08,-25.24,130.99,77.0,12,0,10.29
157,Sladkovo,RU,2020-09-06 02:21:06,55.53,70.34,42.67,87,96,9.75
158,Kinablangan,PH,2020-09-06 02:21:07,7.69,126.55,85.8,65,100,3.2
159,Maldonado,UY,2020-09-06 02:21:07,-34.67,-54.92,48.0,87,0,9.17
160,Kralendijk,BQ,2020-09-06 02:21:07,12.15,-68.27,84.2,83,50,13.87
161,Grand-Santi,GF,2020-09-06 02:21:07,4.25,-54.38,73.11,96,81,1.88
162,Whitehorse,CA,2020-09-06 02:21:08,60.72,-135.05,53.01,62,40,2.24
163,Provideniya,RU,2020-09-06 02:21:08,64.38,-173.3,46.0,63,97,4.94
164,Khatanga,RU,2020-09-06 02:21:08,71.97,102.5,42.57,65,7,4.32
165,Fiche,ET,2020-09-06 02:21:09,9.8,38.73,45.32,97,3,1.41
166,Taoudenni,ML,2020-09-06 02:21:09,22.68,-3.98,90.34,14,14,8.9
167,Sharjah,AE,2020-09-06 02:21:02,25.36,55.4,87.8,58,0,9.17
168,Geraldton,AU,2020-09-06 02:19:10,-28.77,114.6,69.8,68,40,14.99
169,Linjiang,CN,2020-09-06 02:21:10,41.81,126.91,74.59,52,100,0.92
170,Kyra,RU,2020-09-06 02:21:10,49.58,111.98,59.99,67,100,2.24
171,Okhotsk,RU,2020-09-06 02:21:10,59.38,143.3,54.99,76,100,3.85
172,Amarillo,US,2020-09-06 02:17:52,35.22,-101.83,80.6,44,1,13.87
173,Carroll,US,2020-09-06 02:21:10,39.55,-77.02,66.0,69,0,4.61
174,Cidreira,BR,2020-09-06 02:20:42,-30.18,-50.21,59.23,97,100,15.9
175,Lorengau,PG,2020-09-06 02:21:11,-2.02,147.27,83.53,75,99,5.99
176,Shizunai,JP,2020-09-06 02:21:11,42.33,142.37,73.6,80,10,10.92
177,Halifax,CA,2020-09-06 02:21:12,44.65,-63.57,57.0,88,15,5.46
178,Isabela,PH,2020-09-06 02:21:12,6.71,121.97,86.0,79,75,4.7
179,Kurakh,RU,2020-09-06 02:21:12,41.58,47.78,58.55,47,0,8.72
180,Qaqortoq,GL,2020-09-06 02:21:13,60.72,-46.03,46.4,87,99,4.7
181,Luganville,VU,2020-09-06 02:21:13,-15.53,167.17,82.4,65,40,5.82
182,Tasiilaq,GL,2020-09-06 02:19:38,65.61,-37.64,39.2,93,98,5.82
183,Jumla,NP,2020-09-06 02:21:13,29.27,82.18,65.66,59,0,0.58
184,Marawi,PH,2020-09-06 02:21:14,8.0,124.29,84.99,75,100,5.01
185,Kieta,PG,2020-09-06 02:21:14,-6.22,155.63,84.92,67,69,3.56
186,Samana,DO,2020-09-06 02:21:14,19.21,-69.34,79.16,89,100,6.67
187,Tecoanapa,MX,2020-09-06 02:21:15,16.52,-98.75,80.74,78,100,0.56
188,Karaidel,RU,2020-09-06 02:21:15,55.83,56.91,44.53,91,0,1.54
189,Poum,NC,2020-09-06 02:20:23,-20.23,164.02,73.04,73,1,15.5
190,Tianpeng,CN,2020-09-06 02:21:16,30.99,103.94,79.0,94,58,4.47
191,Baihar,IN,2020-09-06 02:21:16,22.1,80.55,76.3,89,24,0.98
192,Calituban,PH,2020-09-06 02:21:17,10.24,124.29,86.0,79,90,3.36
193,Bhadrachalam,IN,2020-09-06 02:21:17,17.67,80.88,80.69,86,21,2.68
194,Hobyo,SO,2020-09-06 02:21:17,5.35,48.53,76.78,78,86,22.21
195,Vila,PT,2020-09-06 02:21:17,42.03,-8.16,60.01,87,7,7.0
196,Morondava,MG,2020-09-06 02:21:18,-20.28,44.28,66.69,75,23,10.47
197,Pisco,PE,2020-09-06 02:21:18,-13.7,-76.22,61.0,77,24,13.87
198,Miramar,US,2020-09-06 02:21:18,25.99,-80.23,84.0,83,40,3.36
199,Codrington,AU,2020-09-06 02:21:18,-38.27,141.97,60.39,69,90,13.31
200,Helong,CN,2020-09-06 02:21:19,42.54,129.0,75.67,48,98,2.82
201,Estepona,ES,2020-09-06 02:21:19,36.43,-5.15,71.6,83,0,18.34
202,Esperance,AU,2020-09-06 02:19:40,-33.87,121.9,59.0,77,100,17.22
203,Edd,ER,2020-09-06 02:21:19,13.93,41.69,89.33,55,6,4.16
204,Ballina,AU,2020-09-06 02:21:20,-28.87,153.57,64.0,88,75,14.99
205,Leon,MX,2020-09-06 02:21:20,21.12,-101.67,68.0,68,75,10.47
206,Ancud,CL,2020-09-06 02:21:20,-41.87,-73.82,43.0,92,0,2.26
207,Yilan,TW,2020-09-06 02:21:21,24.76,121.75,86.0,58,20,10.29
208,Shingu,JP,2020-09-06 02:21:21,33.73,135.98,86.0,70,40,12.75
209,Otukpo,NG,2020-09-06 02:21:21,7.19,8.13,70.99,99,100,4.25
210,Christchurch,NZ,2020-09-06 02:21:22,-43.53,172.63,64.4,55,50,4.7
211,Mormugao,IN,2020-09-06 02:21:22,15.4,73.8,80.6,100,75,2.24
212,Takoradi,GH,2020-09-06 02:21:22,4.88,-1.76,75.06,85,96,9.86
213,Makarov,RU,2020-09-06 02:21:23,48.63,142.8,70.16,66,100,6.38
214,Waynesville,US,2020-09-06 02:21:23,35.49,-82.99,59.0,68,71,1.3
215,Lazarev,RU,2020-09-06 02:21:23,52.23,141.51,63.32,84,100,17.47
216,Naze,JP,2020-09-06 02:21:23,28.37,129.48,80.6,94,75,58.61
217,Bathsheba,BB,2020-09-06 02:21:23,13.22,-59.52,80.6,83,75,9.17
218,Kisangani,CD,2020-09-06 02:21:24,0.52,25.2,70.95,97,100,3.53
219,Floresta,BR,2020-09-06 02:21:24,-8.6,-38.57,69.6,74,0,17.09
220,Baoding,CN,2020-09-06 02:21:25,38.85,115.49,79.75,48,84,7.23
221,Camacha,PT,2020-09-06 02:20:14,33.08,-16.33,71.6,83,20,19.46
222,Nyurba,RU,2020-09-06 02:21:25,63.28,118.33,54.03,69,94,6.73
223,Kristiansund,NO,2020-09-06 02:21:25,63.11,7.73,51.8,76,8,6.93
224,Anqing,CN,2020-09-06 02:21:26,30.51,117.05,85.73,50,16,3.27
225,Licheng,CN,2020-09-06 02:21:26,23.3,113.83,95.0,74,20,6.71
226,Faya,SA,2020-09-06 02:21:26,18.39,42.45,66.2,34,0,2.46
227,Lota,CL,2020-09-06 02:21:26,-37.08,-73.17,50.0,87,1,4.7
228,Pimentel,PE,2020-09-06 02:21:26,-6.84,-79.93,60.01,87,9,11.12
229,Pryazha,RU,2020-09-06 02:21:27,61.69,33.62,57.2,93,98,6.71
230,Fairbanks,US,2020-09-06 02:18:36,64.84,-147.72,50.0,76,90,0.47
231,Ancona,IT,2020-09-06 02:21:27,43.55,13.17,72.0,93,0,3.36
232,Husavik,IS,2020-09-06 02:21:27,66.04,-17.34,41.0,75,69,6.93
233,Avera,US,2020-09-06 02:21:28,33.19,-82.53,77.0,78,1,4.7
234,Kotlas,RU,2020-09-06 02:21:28,61.26,46.66,51.26,96,29,6.64
235,Andreyevo,RU,2020-09-06 02:21:28,55.95,41.15,55.81,77,55,5.28
236,Barabinsk,RU,2020-09-06 02:21:29,55.36,78.36,44.89,90,97,7.72
237,Ishigaki,JP,2020-09-06 02:21:29,24.34,124.16,82.4,78,75,12.75
238,Necochea,AR,2020-09-06 02:21:29,-38.55,-58.74,39.99,83,83,1.99
239,Kavieng,PG,2020-09-06 02:21:30,-2.57,150.8,84.15,76,43,12.64
240,Sitka,US,2020-09-06 02:18:39,57.05,-135.33,59.0,67,90,1.57
241,Tanout,NE,2020-09-06 02:21:30,14.97,8.89,85.06,52,4,10.83
242,Luebo,CD,2020-09-06 02:21:31,-5.35,21.42,78.21,42,100,0.98
243,Jiangyou,CN,2020-09-06 02:21:32,31.77,104.72,78.96,62,18,1.12
244,Chachapoyas,PE,2020-09-06 02:21:33,-6.23,-77.87,52.47,88,12,3.85
245,Altamira,BR,2020-09-06 02:21:35,-3.2,-52.21,79.75,51,84,2.55
246,Sokoni,TZ,2020-09-06 02:21:35,-6.43,39.55,68.0,94,20,5.82
247,Lichuan,CN,2020-09-06 02:21:35,30.3,108.85,59.67,95,100,4.63
248,Saskylakh,RU,2020-09-06 02:21:36,71.92,114.08,42.85,87,100,9.71
249,Lons-Le-Saunier,FR,2020-09-06 02:21:36,46.75,5.75,57.2,82,0,6.93
250,Saint-Pierre,RE,2020-09-06 02:21:36,-21.34,55.48,63.0,88,24,6.93
251,Ajaccio,FR,2020-09-06 02:21:37,42.0,8.92,62.6,77,0,6.93
252,Burnie,AU,2020-09-06 02:21:37,-41.07,145.92,57.99,76,100,8.99
253,Ingham,US,2020-09-06 02:21:37,42.6,-84.38,60.01,87,1,5.12
254,Upington,ZA,2020-09-06 02:21:37,-28.45,21.26,55.4,58,40,10.29
255,Zhigansk,RU,2020-09-06 02:21:38,66.77,123.37,47.75,83,89,14.52
256,Laguna,US,2020-09-06 02:17:05,38.42,-121.42,98.6,34,1,2.46
257,Vredendal,ZA,2020-09-06 02:21:38,-31.67,18.5,50.59,89,0,2.48
258,Nanakuli,US,2020-09-06 02:21:38,21.39,-158.15,89.6,33,1,11.41
259,Chapais,CA,2020-09-06 02:21:39,49.78,-74.85,44.6,93,1,5.82
260,Nara,JP,2020-09-06 02:21:39,34.69,135.8,88.0,70,75,5.82
261,Westport,US,2020-09-06 02:21:39,41.14,-73.36,73.4,56,1,16.11
262,Waingapu,ID,2020-09-06 02:21:40,-9.66,120.26,86.52,46,5,12.59
263,Leh,IN,2020-09-06 02:21:40,34.17,77.58,52.77,57,100,5.23
264,Rafai,CF,2020-09-06 02:21:40,4.95,23.92,67.12,98,100,2.59
265,Kalengwa,ZM,2020-09-06 02:21:40,-13.47,25.0,50.79,52,0,4.74
266,Mysliborz,PL,2020-09-06 02:21:41,52.92,14.87,52.0,99,18,3.0
267,Tono,JP,2020-09-06 02:21:41,39.32,141.53,77.0,78,75,5.82
268,Uige,AO,2020-09-06 02:21:41,-7.61,15.06,68.9,88,100,3.56
269,Sola,VU,2020-09-06 02:21:42,-13.88,167.55,79.2,79,46,21.5
270,Severnyy-Kospashskiy,RU,2020-09-06 02:21:42,59.09,57.8,43.0,100,28,1.63
271,Portland,US,2020-09-06 02:08:59,45.52,-122.68,75.2,44,20,9.17
272,Qandala,SO,2020-09-06 02:21:42,11.47,49.87,85.41,65,87,2.93
273,Chuy,UY,2020-09-06 02:21:43,-33.7,-53.46,49.95,83,12,9.48
274,Kirakira,SB,2020-09-06 02:21:43,-10.45,161.92,80.38,84,100,15.19
275,Samarai,PG,2020-09-06 02:21:43,-10.62,150.67,79.32,85,71,12.86
276,Tautira,PF,2020-09-06 02:21:44,-17.73,-149.15,82.4,65,40,16.11
277,Menongue,AO,2020-09-06 02:21:44,-14.66,17.69,56.08,42,1,3.96
278,Yola,NG,2020-09-06 02:21:44,9.2,12.48,74.23,85,70,6.62
279,Kyshtovka,RU,2020-09-06 02:21:44,56.55,76.63,43.77,94,100,7.81
280,Phetchaburi,TH,2020-09-06 02:21:45,12.97,99.58,84.2,74,20,3.36
281,Asau,RO,2020-09-06 02:21:45,46.43,26.4,55.0,92,0,3.89
282,Dafeng,CN,2020-09-06 02:21:45,23.45,108.59,85.82,66,100,6.06
283,Smithers,CA,2020-09-06 02:21:46,54.78,-127.17,55.4,93,90,5.82
284,Tonj,SS,2020-09-06 02:21:46,7.27,28.68,71.17,94,100,3.78
285,Salalah,OM,2020-09-06 02:19:37,17.02,54.09,78.8,83,75,4.7
286,Manacapuru,BR,2020-09-06 02:21:46,-3.3,-60.62,78.8,78,9,1.12
287,Jinchang,CN,2020-09-06 02:21:47,38.5,102.17,72.37,29,93,0.51
288,Shelburne,CA,2020-09-06 02:21:47,44.08,-80.2,55.0,81,20,3.36
289,Denpasar,ID,2020-09-06 02:21:47,-8.65,115.22,80.6,83,75,8.05
290,Luan,CH,2020-09-06 02:21:47,46.36,6.98,60.8,72,25,1.19
291,Markovo,RU,2020-09-06 02:21:48,57.32,107.09,53.47,76,100,8.41
292,Ketchikan,US,2020-09-06 02:21:48,55.34,-131.65,57.2,93,90,5.82
293,Rawson,AR,2020-09-06 02:21:48,-43.3,-65.1,51.69,45,97,14.07
294,Amahai,ID,2020-09-06 02:21:49,-3.33,128.92,81.37,80,38,11.88
295,Itarema,BR,2020-09-06 02:21:49,-2.92,-39.92,78.1,79,2,19.42
296,Nome,US,2020-09-06 02:19:35,64.5,-165.41,50.0,66,75,10.29
297,Zarcero,CR,2020-09-06 02:21:49,10.19,-84.39,71.6,100,75,3.36
298,Tromso,NO,2020-09-06 02:21:11,69.65,18.96,48.2,93,75,11.41
299,Moerai,PF,2020-09-06 02:21:50,-22.43,-151.33,75.56,88,100,11.95
300,Beloha,MG,2020-09-06 02:21:50,-25.17,45.05,61.39,78,9,12.35
301,Kenai,US,2020-09-06 02:19:54,60.55,-151.26,60.8,51,1,8.05
302,Roald,NO,2020-09-06 02:21:50,62.58,6.13,51.8,76,92,6.93
303,Saint-Claude,FR,2020-09-06 02:21:51,46.5,5.83,64.0,92,11,3.65
304,Khandyga,RU,2020-09-06 02:21:51,62.67,135.6,56.77,81,85,0.47
305,Skibbereen,IE,2020-09-06 02:21:51,51.55,-9.27,53.6,100,40,9.17
306,Cizre,TR,2020-09-06 02:21:52,37.33,42.19,80.19,18,0,0.94
307,Pierre,US,2020-09-06 02:21:52,44.37,-100.35,78.01,60,1,18.34
308,Pedasi,PA,2020-09-06 02:21:52,7.53,-80.03,80.13,84,22,6.06
309,Warmbad,NA,2020-09-06 02:21:52,-28.45,18.73,49.01,82,0,5.12
310,Nechi,CO,2020-09-06 02:21:52,8.09,-74.78,77.32,94,93,0.67
311,Adrar,MR,2020-09-06 02:18:10,20.5,-10.07,91.31,36,83,0.47
312,Hofn,IS,2020-09-06 02:21:53,64.25,-15.21,46.22,66,6,5.21
313,Hamilton,US,2020-09-06 02:19:55,39.18,-84.53,69.01,77,1,6.17
314,Kattivakkam,IN,2020-09-06 02:21:53,13.22,80.32,80.6,94,40,2.24
315,Wick,GB,2020-09-06 02:21:53,58.43,-3.08,44.6,100,71,5.82
316,Muroto,JP,2020-09-06 02:21:54,33.28,134.15,89.6,66,75,10.29
317,Lusambo,CD,2020-09-06 02:21:54,-4.97,23.45,71.92,49,63,1.43
318,Balkanabat,TM,2020-09-06 02:21:54,39.51,54.37,80.11,22,48,8.19
319,Lompoc,US,2020-09-06 02:18:48,34.64,-120.46,73.0,64,1,4.7
320,Yar-Sale,RU,2020-09-06 02:21:54,66.83,70.83,40.32,77,0,8.93
321,Visby,SE,2020-09-06 02:21:55,57.64,18.3,57.99,76,100,13.87
322,Takaka,NZ,2020-09-06 02:21:55,-40.85,172.8,57.99,92,100,17.0
323,Aktau,KZ,2020-09-06 02:21:56,43.65,51.2,62.6,51,0,8.95
324,Talnakh,RU,2020-09-06 02:21:56,69.49,88.4,35.6,52,20,11.18
325,Salinopolis,BR,2020-09-06 02:21:56,-0.61,-47.36,80.1,82,20,12.64
326,Sinop,TR,2020-09-06 02:21:57,41.77,34.87,59.32,81,0,7.47
327,Melo,UY,2020-09-06 02:21:57,-32.37,-54.18,48.78,85,100,11.5
328,Kitui,KE,2020-09-06 02:21:57,-1.37,38.01,61.21,90,97,8.14
329,Revda,RU,2020-09-06 02:21:57,56.8,59.93,41.0,100,12,6.85
330,Port-Gentil,GA,2020-09-06 02:21:58,-0.72,8.78,74.23,80,100,12.8
331,Dabat,ET,2020-09-06 02:21:58,12.98,37.77,49.64,92,0,2.55
332,Colac,AU,2020-09-06 02:21:59,-38.33,143.58,60.01,73,8,7.0
333,Aksu,CN,2020-09-06 02:21:59,41.12,80.26,74.5,33,0,8.97
334,Hualmay,PE,2020-09-06 02:21:59,-11.1,-77.61,59.94,82,60,8.16
335,Yeppoon,AU,2020-09-06 02:21:59,-23.13,150.73,78.8,54,40,6.93
336,Lewistown,US,2020-09-06 02:22:00,40.6,-77.57,61.0,93,1,5.1
337,Uray,RU,2020-09-06 02:22:00,60.12,64.78,43.81,85,98,5.86
338,Casablanca,MA,2020-09-06 02:18:41,33.59,-7.62,73.0,94,100,6.93
339,Gloversville,US,2020-09-06 02:22:00,43.05,-74.34,59.0,93,75,2.64
340,Pastavy,BY,2020-09-06 02:22:01,55.12,26.83,59.81,97,100,5.08
341,Tamiahua,MX,2020-09-06 02:22:01,21.27,-97.45,76.69,88,100,10.09
342,Krasnoyarka,RU,2020-09-06 02:22:01,55.33,73.12,44.6,100,75,8.95
343,Aurad,IN,2020-09-06 02:17:09,18.25,77.43,77.59,83,99,5.01
344,Makaha,US,2020-09-06 02:19:29,21.47,-158.22,89.6,42,1,14.99
345,Pangkalanbuun,ID,2020-09-06 02:22:02,-2.68,111.62,85.87,60,90,5.28
346,Gazanjyk,TM,2020-09-06 02:22:02,39.24,55.52,74.34,23,0,9.22
347,Tadepallegudem,IN,2020-09-06 02:22:03,16.83,81.5,82.4,88,20,2.73
348,Port-Cartier,CA,2020-09-06 02:22:03,50.03,-66.87,53.01,81,20,4.7
349,Gorontalo,ID,2020-09-06 02:22:03,0.54,123.06,86.88,63,63,5.66
350,Honningsvag,NO,2020-09-06 02:22:04,70.98,25.97,51.62,91,80,1.34
351,Ortakoy,TR,2020-09-06 02:22:04,38.74,34.04,60.8,67,20,4.7
352,Zharkent,KZ,2020-09-06 02:22:04,44.16,80.0,72.75,31,100,2.55
353,Haflong,IN,2020-09-06 02:22:04,25.18,93.03,78.04,91,65,3.2
354,Stokmarknes,NO,2020-09-06 02:22:05,68.56,14.91,52.0,87,100,1.01
355,Mbuji-Mayi,CD,2020-09-06 02:22:05,-6.15,23.6,73.8,37,0,3.38
356,Mehamn,NO,2020-09-06 02:22:05,71.04,27.85,51.84,90,46,4.92
357,Kulhudhuffushi,MV,2020-09-06 02:22:06,6.62,73.07,78.3,83,100,38.16
358,Vardo,NO,2020-09-06 02:22:06,70.37,31.11,52.25,90,89,14.72
359,Canelli,IT,2020-09-06 02:22:07,44.72,8.29,66.0,81,2,3.85
360,Rochester,US,2020-09-06 02:14:00,43.15,-77.62,64.0,72,75,6.93
361,Pasni,PK,2020-09-06 02:22:07,25.26,63.47,79.72,83,0,10.36
362,Harper,LR,2020-09-06 02:22:08,4.38,-7.72,75.81,86,100,10.87
363,Lanxi,CN,2020-09-06 02:22:08,29.22,119.48,79.57,55,28,2.59
364,Lasa,IT,2020-09-06 02:22:08,46.62,10.7,55.4,100,75,4.7
365,Aswan,EG,2020-09-06 02:22:08,24.09,32.91,93.6,23,53,7.74
366,Margherita,IN,2020-09-06 02:22:09,27.28,95.68,75.2,94,90,6.93
367,Atikokan,CA,2020-09-06 02:22:09,48.76,-91.62,52.02,68,48,3.74
368,Kutum,SD,2020-09-06 02:22:09,14.2,24.67,75.76,57,0,6.29
369,Abha,SA,2020-09-06 02:20:14,18.22,42.51,66.2,39,0,1.63
370,Sorong,ID,2020-09-06 02:22:10,-0.88,131.25,83.23,77,98,6.22
371,Cabedelo,BR,2020-09-06 02:22:10,-6.98,-34.83,73.4,88,40,5.82
372,Herre,NO,2020-09-06 02:22:10,59.1,9.57,51.01,81,14,1.01
373,Sambava,MG,2020-09-06 02:22:11,-14.27,50.17,65.14,82,0,9.26
374,Chicama,PE,2020-09-06 02:22:11,-7.84,-79.15,60.17,82,30,4.7
375,Karratha,AU,2020-09-06 02:17:57,-20.74,116.85,82.02,30,14,5.82
376,Kampene,CD,2020-09-06 02:22:11,-3.6,26.67,69.1,57,1,2.19
377,Krasnovishersk,RU,2020-09-06 02:22:12,60.41,57.08,43.9,95,9,1.52
378,Ulaangom,MN,2020-09-06 02:22:12,49.98,92.07,54.81,49,43,1.23
379,Strezhevoy,RU,2020-09-06 02:22:12,60.73,77.59,41.0,93,75,6.71
380,Touros,BR,2020-09-06 02:19:02,-5.2,-35.46,75.2,73,75,6.93
381,Ola,RU,2020-09-06 02:22:12,59.58,151.28,49.24,85,100,8.12
382,Salinas,US,2020-09-06 02:22:13,36.68,-121.66,82.0,41,1,9.17
383,Doka,SD,2020-09-06 02:22:13,13.52,35.77,69.84,96,0,7.05
384,Kavaratti,IN,2020-09-06 02:17:23,10.57,72.64,83.44,78,100,13.02
385,Petropavlovsk-Kamchatskiy,RU,2020-09-06 02:22:13,53.05,158.65,53.6,100,75,6.71
386,Srednekolymsk,RU,2020-09-06 02:22:14,67.45,153.68,57.15,41,94,14.18
387,Keetmanshoop,NA,2020-09-06 02:22:14,-26.58,18.13,46.78,86,0,6.78
388,Sarevere,EE,2020-09-06 02:22:14,58.79,25.43,51.01,99,59,3.96
389,Synya,RU,2020-09-06 02:22:14,65.37,58.04,50.83,93,100,7.81
390,Paltinis,RO,2020-09-06 02:22:15,48.22,26.65,57.99,84,0,1.86
391,Meulaboh,ID,2020-09-06 02:22:15,4.14,96.13,76.01,93,100,7.05
392,Tuatapere,NZ,2020-09-06 02:22:15,-46.13,167.68,51.69,64,55,12.46
393,Ilhabela,BR,2020-09-06 02:20:08,-23.78,-45.36,69.69,89,96,4.36
394,Conde,BR,2020-09-06 02:22:16,-7.26,-34.91,73.4,88,40,5.82
395,Wanning,CN,2020-09-06 02:22:16,18.8,110.4,87.69,69,76,8.19
396,Trogir,HR,2020-09-06 02:22:16,43.51,16.25,69.01,72,0,2.24
397,Ati,TD,2020-09-06 02:22:17,13.22,18.34,77.83,73,100,7.29
398,Lenine,UA,2020-09-06 02:22:17,45.3,35.78,70.86,77,100,7.09
399,Kuryk,KZ,2020-09-06 02:22:17,43.2,51.65,72.18,26,0,14.99
400,Fez,MA,2020-09-06 02:20:53,34.04,-5.0,75.2,50,3,2.8
401,Nador,MA,2020-09-06 02:22:18,35.17,-2.93,73.4,83,40,4.7
402,Mantua,IT,2020-09-06 02:22:18,45.17,10.78,66.0,91,0,1.01
403,Pilane,BW,2020-09-06 02:22:18,-24.45,26.13,54.81,69,0,7.49
404,Tual,ID,2020-09-06 02:22:18,-5.67,132.75,79.84,83,48,20.18
405,Kaeo,NZ,2020-09-06 02:22:19,-35.1,173.78,62.01,3,100,4.0
406,Parkes,AU,2020-09-06 02:22:19,-33.13,148.18,69.01,38,0,4.09
407,Ovsyanka,RU,2020-09-06 02:22:19,55.96,92.55,42.8,87,4,3.38
408,Ulladulla,AU,2020-09-06 02:18:29,-35.35,150.47,63.0,59,90,8.05
409,Cedral,MX,2020-09-06 02:22:20,23.8,-100.73,64.85,80,99,9.28
410,Kalmunai,LK,2020-09-06 02:19:45,7.42,81.82,81.84,76,97,5.35
411,Goundam,ML,2020-09-06 02:22:20,16.41,-3.67,80.6,60,100,4.14
412,Soverato,IT,2020-09-06 02:22:20,38.69,16.55,62.6,93,0,5.82
413,Madaoua,NE,2020-09-06 02:22:20,14.07,5.96,78.85,74,49,13.78
414,Orlik,RU,2020-09-06 02:22:21,52.52,99.83,47.68,63,14,1.28
415,At-Bashi,KG,2020-09-06 02:22:21,41.17,75.81,58.46,35,45,1.03
416,Axim,GH,2020-09-06 02:22:21,4.87,-2.24,74.59,86,100,10.11
417,Dunedin,NZ,2020-09-06 02:22:21,-45.87,170.5,53.01,67,98,15.99
418,Airai,TL,2020-09-06 02:22:22,-8.93,125.41,74.14,43,72,6.24
419,Sinnamary,GF,2020-09-06 02:22:22,5.38,-52.95,78.48,86,16,6.93
420,Camana,PE,2020-09-06 02:22:22,-16.62,-72.71,59.29,76,59,7.25
421,Dingzhou,CN,2020-09-06 02:22:22,38.51,115.0,78.8,65,80,6.71
422,Inhambane,MZ,2020-09-06 02:22:23,-23.86,35.38,68.29,65,86,11.68
423,Beaverlodge,CA,2020-09-06 02:22:23,55.22,-119.44,57.2,82,75,5.82
424,Carmen,MX,2020-09-06 02:21:32,18.63,-91.83,78.8,94,90,14.63
425,Tessalit,ML,2020-09-06 02:22:23,20.2,1.01,87.91,41,31,8.59
426,Seka,TH,2020-09-06 02:22:24,17.93,103.96,84.99,75,67,2.8
427,Kahului,US,2020-09-06 02:22:24,20.89,-156.47,89.6,43,20,24.16
428,Namatanai,PG,2020-09-06 02:17:42,-3.67,152.43,86.09,63,44,7.58
429,Xinzhou,CN,2020-09-06 02:22:24,38.41,112.73,74.93,40,4,0.81
430,Nanortalik,GL,2020-09-06 02:22:25,60.14,-45.24,47.17,96,100,8.7
431,Saratov,RU,2020-09-06 02:22:25,51.57,46.03,57.0,39,100,1.99
432,Gat,IL,2020-09-06 02:22:25,31.61,34.76,79.0,89,0,3.42
433,Atambua,ID,2020-09-06 02:22:25,-9.11,124.89,84.63,39,92,4.76
434,Natal,BR,2020-09-06 02:22:20,-5.79,-35.21,75.2,73,40,11.41
435,Antalaha,MG,2020-09-06 02:22:26,-14.9,50.28,64.15,88,27,7.02
436,Bukachacha,RU,2020-09-06 02:22:26,52.98,116.92,64.4,63,0,3.71
437,Trinidad,BO,2020-09-06 02:22:26,-14.83,-64.9,81.93,42,1,4.16
438,Rust,DE,2020-09-06 02:22:27,48.27,7.73,61.0,72,90,5.82
439,Nenjiang,CN,2020-09-06 02:22:27,49.18,125.22,65.35,75,2,7.54
440,Saint-Georges,GD,2020-09-06 02:22:27,12.06,-61.75,80.6,83,20,5.82
441,Kungurtug,RU,2020-09-06 02:22:03,50.6,97.52,50.47,56,9,2.24
442,Coquimbo,CL,2020-09-06 02:22:28,-29.95,-71.34,53.6,81,0,6.93
443,Tawang,IN,2020-09-06 02:22:28,27.58,91.87,59.61,77,100,1.36
444,Chuchkovo,RU,2020-09-06 02:22:28,54.27,41.45,58.87,59,99,6.44
445,Zyryanovsk,KZ,2020-09-06 02:22:28,49.74,84.27,48.0,53,99,1.19
446,Carutapera,BR,2020-09-06 02:22:29,-1.2,-46.02,78.06,87,0,6.42
447,Champoton,MX,2020-09-06 02:22:29,19.35,-90.72,81.66,80,96,8.61
448,Zeya,RU,2020-09-06 02:22:29,53.75,127.27,57.31,94,100,3.56
449,Piranshahr,IR,2020-09-06 02:22:29,36.7,45.14,58.64,45,0,0.45
450,Xining,CN,2020-09-06 02:20:28,36.62,101.77,58.06,56,2,1.61
451,Ambilobe,MG,2020-09-06 02:22:30,-13.2,49.05,63.36,76,0,3.24
452,Kabanjahe,ID,2020-09-06 02:22:30,3.1,98.49,69.58,82,100,4.18
453,Sungurlu,TR,2020-09-06 02:22:30,40.17,34.37,59.07,77,31,0.83
454,Tilichiki,RU,2020-09-06 02:22:31,60.47,166.1,49.89,55,0,1.48
455,Urumqi,CN,2020-09-06 02:22:10,43.8,87.6,78.01,43,0,4.47
456,Kharp,RU,2020-09-06 02:22:31,66.8,65.81,43.54,69,0,1.97
457,Hailar,CN,2020-09-06 02:22:32,49.2,119.7,61.25,73,28,3.6
458,Gotsu,JP,2020-09-06 02:22:32,35.0,132.22,84.2,83,75,8.05
459,Hvolsvollur,IS,2020-09-06 02:22:32,63.75,-20.22,45.0,96,100,11.99
460,Maragogi,BR,2020-09-06 02:22:33,-9.01,-35.22,73.63,77,0,10.58
461,Soyo,AO,2020-09-06 02:22:33,-6.13,12.37,73.18,86,100,7.43
462,Mackenzie,CA,2020-09-06 02:22:34,55.3,-123.17,62.6,67,90,4.7
463,Tazmalt,DZ,2020-09-06 02:22:34,36.39,4.4,69.8,88,20,3.36
464,Tezu,IN,2020-09-06 02:22:35,27.92,96.17,78.55,79,97,0.94
465,Padang,ID,2020-09-06 02:22:35,-0.95,100.35,83.16,62,65,3.15
466,Lebork,PL,2020-09-06 02:22:35,54.54,17.75,54.0,100,49,4.7
467,Bicester,GB,2020-09-06 02:20:25,51.9,-1.15,51.01,92,69,5.5
468,Ust-Tsilma,RU,2020-09-06 02:19:08,65.44,52.15,55.62,87,100,6.2
469,Gatesville,US,2020-09-06 02:21:55,31.44,-97.74,77.0,88,1,3.83
470,Djambala,CG,2020-09-06 02:22:36,-2.54,14.75,68.9,81,100,7.65
471,Torquay,GB,2020-09-06 02:22:36,50.46,-3.51,55.0,92,15,9.48
472,Mangai,CD,2020-09-06 02:22:37,-4.05,19.53,77.25,62,99,2.95
473,Barrancabermeja,CO,2020-09-06 02:22:37,7.07,-73.85,77.67,87,76,1.14
474,Yushala,RU,2020-09-06 02:22:37,57.08,64.26,42.8,87,20,11.18
475,Kuybysheve,UA,2020-09-06 02:22:37,47.36,36.65,67.69,63,98,13.42
476,Yaan,NG,2020-09-06 02:22:38,7.38,8.57,71.35,98,100,7.49
477,Shambu,ET,2020-09-06 02:22:38,9.57,37.1,49.21,99,34,1.79
478,Odweyne,SO,2020-09-06 02:22:38,9.41,45.06,72.79,51,0,13.11
479,Taicheng,CN,2020-09-06 02:22:38,38.73,113.23,72.55,42,13,3.38
480,Olafsvik,IS,2020-09-06 02:20:42,64.89,-23.71,49.57,90,100,21.9
481,Broome,US,2020-09-06 02:22:39,42.25,-75.83,63.0,59,90,6.93
482,Newburn,GB,2020-09-06 02:22:39,54.99,-1.74,53.01,87,100,2.24
483,Mizdah,LY,2020-09-06 02:22:39,31.45,12.98,68.9,83,57,10.11
484,Tambopata,PE,2020-09-06 02:22:40,-12.73,-69.18,83.07,52,98,1.16
485,Emerald,AU,2020-09-06 02:22:40,-23.53,148.17,81.0,47,8,10.29
486,Isangel,VU,2020-09-06 02:22:40,-19.55,169.27,78.8,69,75,11.41
487,Chaozhou,CN,2020-09-06 02:22:41,23.67,116.64,82.4,78,75,2.24
488,Korhogo,CI,2020-09-06 02:22:41,9.45,-5.63,71.29,94,100,7.45
489,Oxapampa,PE,2020-09-06 02:22:41,-10.58,-75.4,58.96,87,100,2.62
490,Mikuni,JP,2020-09-06 02:22:41,36.22,136.15,87.8,66,20,8.05
491,Ndele,CF,2020-09-06 02:22:42,8.41,20.65,68.67,98,100,4.0
492,Shellbrook,CA,2020-09-06 02:22:42,53.22,-106.4,57.2,100,90,11.41
493,Vestmannaeyjar,IS,2020-09-06 02:22:42,63.44,-20.27,49.57,76,100,20.47
494,Mnogovershinnyy,RU,2020-09-06 02:22:42,53.94,139.92,62.6,89,97,1.54
495,Torrington,US,2020-09-06 02:22:42,41.8,-73.12,62.01,92,0,2.66
496,Ous,RU,2020-09-06 02:22:43,60.91,61.52,44.91,92,3,4.83
497,Jalu,LY,2020-09-06 02:22:43,29.03,21.55,72.27,66,0,10.92
498,Sabang,ID,2020-09-06 02:22:43,5.89,95.32,79.74,83,100,9.57
499,Cayenne,GF,2020-09-06 02:22:44,4.93,-52.33,75.2,100,1,9.08
500,Aksha,RU,2020-09-06 02:22:44,50.28,113.29,62.28,64,100,2.84
501,Rocha,UY,2020-09-06 02:22:44,-34.48,-54.33,43.27,91,0,4.59
502,Lundazi,ZM,2020-09-06 02:22:44,-12.29,33.18,54.84,79,6,9.22
503,Awbari,LY,2020-09-06 02:22:45,26.59,12.78,81.72,27,0,10.74
504,Shimoda,JP,2020-09-06 02:22:45,34.67,138.95,80.6,88,75,12.75
505,Dumraon,IN,2020-09-06 02:22:45,25.55,84.15,83.48,78,100,6.67
506,Inuvik,CA,2020-09-06 02:22:45,68.35,-133.72,41.0,65,75,6.93
507,Pingdu,CN,2020-09-06 02:22:46,36.78,119.95,84.2,62,21,4.47
508,Valleyview,CA,2020-09-06 02:22:46,55.07,-117.29,54.23,76,89,5.26
509,Noumea,NC,2020-09-06 02:22:46,-22.28,166.46,75.99,73,75,4.7
510,Kijang,KR,2020-09-06 02:22:46,35.24,129.21,73.4,73,75,17.22
511,Gudalur,IN,2020-09-06 02:22:47,9.68,77.27,75.36,79,87,5.46
512,Dubinino,RU,2020-09-06 02:22:47,55.62,89.09,47.79,71,38,7.47
513,Martapura,ID,2020-09-06 02:22:47,-3.42,114.85,84.2,70,20,8.05
514,Baisha,CN,2020-09-06 02:22:48,26.52,110.93,79.18,78,100,2.93
515,Samoded,RU,2020-09-06 02:22:48,63.61,40.51,56.14,95,100,8.48
516,Estelle,US,2020-09-06 02:21:45,29.85,-90.11,84.99,79,77,5.3
517,Torrevieja,ES,2020-09-06 02:22:49,37.98,-0.68,73.0,81,4,3.0
518,Viedma,AR,2020-09-06 02:22:49,-40.81,-63.0,43.0,83,34,4.0
519,Biak,ID,2020-09-06 02:18:21,-0.91,122.88,82.94,68,87,8.48
520,Seoul,KR,2020-09-06 02:19:08,37.57,126.98,73.4,64,20,6.06
521,Paita,PE,2020-09-06 02:22:49,-5.09,-81.11,62.02,80,0,13.11
522,Praia,CV,2020-09-06 02:22:49,14.92,-23.51,78.8,78,75,11.41
523,Epe,NG,2020-09-06 02:22:50,6.58,3.98,74.41,90,100,6.67
524,Krasne,UA,2020-09-06 02:22:50,49.91,24.61,55.4,93,32,2.24
525,Salvador,SV,2020-09-06 02:22:50,13.83,-88.92,78.8,94,20,3.36
526,Manzhouli,CN,2020-09-06 02:22:51,49.6,117.43,64.62,62,21,4.85
527,Kaili,ID,2020-09-06 02:22:51,-3.46,120.21,78.96,69,1,3.58
528,Kasamwa,TZ,2020-09-06 02:22:51,-2.85,32.43,64.9,70,1,4.14
529,Mulchen,CL,2020-09-06 02:22:52,-37.72,-72.23,43.45,93,21,2.39
530,Arlit,NE,2020-09-06 02:22:52,18.74,7.39,93.56,15,23,6.73
531,Bandarbeyla,SO,2020-09-06 02:22:53,9.49,50.81,75.83,75,51,22.62
532,Lucea,JM,2020-09-06 02:22:53,18.45,-78.17,78.8,83,40,4.7
533,Zaraza,VE,2020-09-06 02:22:53,9.35,-65.32,74.52,96,69,3.04
534,Mayahi,NE,2020-09-06 02:22:54,13.96,7.67,80.87,67,0,14.72
535,Adacs,HU,2020-09-06 02:22:54,47.69,19.98,59.0,93,84,3.36
536,Tilbury,GB,2020-09-06 02:22:54,51.46,0.36,52.0,85,2,4.0
537,Flinders,AU,2020-09-06 02:22:54,-34.58,150.86,64.99,64,45,7.0
538,Grindavik,IS,2020-09-06 02:22:55,63.84,-22.43,48.2,100,90,16.11
539,Livingstone,ZM,2020-09-06 02:22:55,-17.84,25.85,54.16,51,0,5.61
540,Viljoenskroon,ZA,2020-09-06 02:22:55,-27.21,26.95,53.01,72,0,3.0
541,Newtownards,GB,2020-09-06 02:22:55,54.59,-5.69,54.0,87,78,3.36
542,Laibin,CN,2020-09-06 02:22:56,23.7,109.27,85.77,69,100,6.64
543,Kawalu,ID,2020-09-06 02:22:56,-7.38,108.21,79.92,63,79,4.0
544,Annau,TM,2020-09-06 02:22:56,37.89,58.52,69.8,43,40,4.7
545,Vilcun,CL,2020-09-06 02:22:57,-38.65,-72.23,46.0,77,19,3.04
546,Ormara,PK,2020-09-06 02:22:57,25.21,64.64,80.85,84,0,12.88
547,Arkhara,RU,2020-09-06 02:22:57,49.42,130.08,72.82,66,4,14.29
548,Fukue,JP,2020-09-06 02:22:58,32.69,128.84,77.0,88,75,20.8
549,Shebunino,RU,2020-09-06 02:22:58,46.43,141.86,73.08,66,99,5.44
550,Sirsa,IN,2020-09-06 02:22:58,29.53,75.02,83.19,73,50,2.44
551,Drumnadrochit,GB,2020-09-06 02:22:58,57.33,-4.48,45.0,93,75,2.24
552,Melun,FR,2020-09-06 02:22:59,48.5,2.75,52.0,81,100,3.36
553,Arman,RU,2020-09-06 02:19:44,59.7,150.17,49.12,90,100,5.3
554,Havre-Saint-Pierre,CA,2020-09-06 02:22:59,50.23,-63.6,46.4,93,1,6.93
555,Tiarei,PF,2020-09-06 02:22:59,-17.53,-149.33,82.4,65,40,16.11
556,Zaozerne,UA,2020-09-06 02:22:59,45.16,33.28,68.7,86,15,14.25
557,Torit,SS,2020-09-06 02:23:00,4.41,32.57,68.95,93,100,0.76
558,Dongsheng,CN,2020-09-06 02:23:00,39.82,109.98,71.62,37,3,6.49
559,Pemangkat,ID,2020-09-06 02:23:01,1.17,108.97,75.94,92,100,8.28
560,Amapa,BR,2020-09-06 02:23:01,1.0,-52.0,73.92,86,64,2.62
561,Verkh-Chebula,RU,2020-09-06 02:21:08,56.03,87.62,48.49,73,30,11.72
562,Finschhafen,PG,2020-09-06 02:23:01,-6.6,147.87,83.57,67,100,6.96
563,Znamenskoye,RU,2020-09-06 02:19:05,57.13,73.83,45.48,85,100,7.87
564,Verkh-Suetka,RU,2020-09-06 02:23:02,53.3,80.05,45.57,76,0,6.17
565,Aljezur,PT,2020-09-06 02:23:02,37.32,-8.8,69.19,61,0,3.44
566,Mao,ES,2020-09-06 02:23:03,39.89,4.27,66.2,88,0,4.7
567,Maxixe,MZ,2020-09-06 02:23:03,-23.86,35.35,67.82,66,84,10.29
